Workbook

Sheet 請假明細
A1: 暑假長假請假統計表（6–9月）
A3: 編號 | B3: 姓名 | C3: 部門/班別 | D3: 請假開始日 | E3: 請假結束日 | F3: 請假天數 | G3: 是否跨週 | H3: 代理人 | I3: 主管核准 | J3: 備註
A4: 1 | B4: 陳弘政 | C4: 常日班 | D4: 46190 | E4: 46191 | F4: =IF(OR(D4="",E4=""),"",E4-D4+1) -> 2 | G4: =IF(OR(D4="",E4=""),"",IF(WEEKNUM(D4)<>WEEKNUM(E4),"是","否")) -> 否 | H4: 吳順唐
A5: 2 | B5: 吳順唐 | C5: 常日班 | D5: 46195 | E5: 46199 | F5: =IF(OR(D5="",E5=""),"",E5-D5+1) -> 5 | G5: =IF(OR(D5="",E5=""),"",IF(WEEKNUM(D5)<>WEEKNUM(E5),"是","否")) -> 否 | H5: 范國梁
A6: 3 | B6: 李明峯 | C6: 常日班 | D6: 46216 | E6: 46220 | F6: =IF(OR(D6="",E6=""),"",E6-D6+1) -> 5 | G6: =IF(OR(D6="",E6=""),"",IF(WEEKNUM(D6)<>WEEKNUM(E6),"是","否")) -> 否 | H6: 倪運賢
A7: 4 | B7: 李明峯 | C7: 常日班 | D7: 46223 | E7: 46223 | F7: =IF(OR(D7="",E7=""),"",E7-D7+1) -> 1 | G7: =IF(OR(D7="",E7=""),"",IF(WEEKNUM(D7)<>WEEKNUM(E7),"是","否")) -> 否 | H7: 倪運賢
A8: 5 | B8: 范國梁 | C8: 常日班 | D8: 46191 | E8: 46191 | F8: =IF(OR(D8="",E8=""),"",E8-D8+1) -> 1 | G8: =IF(OR(D8="",E8=""),"",IF(WEEKNUM(D8)<>WEEKNUM(E8),"是","否")) -> 否 | H8: 吳順唐
A9: 6 | B9: 倪運賢 | C9: 常日班 | D9: 46197 | E9: 46198 | F9: =IF(OR(D9="",E9=""),"",E9-D9+1) -> 2 | G9: =IF(OR(D9="",E9=""),"",IF(WEEKNUM(D9)<>WEEKNUM(E9),"是","否")) -> 否 | H9: 李明峯
A10: 7 | B10: 徐曉琳 | C10: 常日班 | D10: 46199 | E10: 46199 | F10: =IF(OR(D10="",E10=""),"",E10-D10+1) -> 1 | G10: =IF(OR(D10="",E10=""),"",IF(WEEKNUM(D10)<>WEEKNUM(E10),"是","否")) -> 否 | H10: 陳弘政
A11: 8 | B11: 顏仕倫 | C11: 常日班 | D11: 46258 | E11: 46261 | F11: =IF(OR(D11="",E11=""),"",E11-D11+1) -> 4 | G11: =IF(OR(D11="",E11=""),"",IF(WEEKNUM(D11)<>WEEKNUM(E11),"是","否")) -> 否 | H11: 李明峯
A12: 9 | F12: =IF(OR(D12="",E12=""),"",E12-D12+1) | G12: =IF(OR(D12="",E12=""),"",IF(WEEKNUM(D12)<>WEEKNUM(E12),"是","否"))
A13: 10 | F13: =IF(OR(D13="",E13=""),"",E13-D13+1) | G13: =IF(OR(D13="",E13=""),"",IF(WEEKNUM(D13)<>WEEKNUM(E13),"是","否"))
A14: 11 | F14: =IF(OR(D14="",E14=""),"",E14-D14+1) | G14: =IF(OR(D14="",E14=""),"",IF(WEEKNUM(D14)<>WEEKNUM(E14),"是","否"))
A15: 12 | F15: =IF(OR(D15="",E15=""),"",E15-D15+1) | G15: =IF(OR(D15="",E15=""),"",IF(WEEKNUM(D15)<>WEEKNUM(E15),"是","否"))
A16: 13 | F16: =IF(OR(D16="",E16=""),"",E16-D16+1) | G16: =IF(OR(D16="",E16=""),"",IF(WEEKNUM(D16)<>WEEKNUM(E16),"是","否"))
A17: 14 | F17: =IF(OR(D17="",E17=""),"",E17-D17+1) | G17: =IF(OR(D17="",E17=""),"",IF(WEEKNUM(D17)<>WEEKNUM(E17),"是","否"))
A18: 15 | F18: =IF(OR(D18="",E18=""),"",E18-D18+1) | G18: =IF(OR(D18="",E18=""),"",IF(WEEKNUM(D18)<>WEEKNUM(E18),"是","否"))
A19: 16 | F19: =IF(OR(D19="",E19=""),"",E19-D19+1) | G19: =IF(OR(D19="",E19=""),"",IF(WEEKNUM(D19)<>WEEKNUM(E19),"是","否"))
A20: 17 | F20: =IF(OR(D20="",E20=""),"",E20-D20+1) | G20: =IF(OR(D20="",E20=""),"",IF(WEEKNUM(D20)<>WEEKNUM(E20),"是","否"))
A21: 18 | F21: =IF(OR(D21="",E21=""),"",E21-D21+1) | G21: =IF(OR(D21="",E21=""),"",IF(WEEKNUM(D21)<>WEEKNUM(E21),"是","否"))
A22: 19 | F22: =IF(OR(D22="",E22=""),"",E22-D22+1) | G22: =IF(OR(D22="",E22=""),"",IF(WEEKNUM(D22)<>WEEKNUM(E22),"是","否"))
A23: 20 | F23: =IF(OR(D23="",E23=""),"",E23-D23+1) | G23: =IF(OR(D23="",E23=""),"",IF(WEEKNUM(D23)<>WEEKNUM(E23),"是","否"))
... A103: 100 | F103: =IF(OR(D103="",E103=""),"",E103-D103+1) | G103: =IF(OR(D103="",E103=""),"",IF(WEEKNUM(D103)<>WEEKNUM(E103),"是","否"))

Sheet 每日重疊統計
A1: 每日請假重疊統計（2026/6/1–2026/9/30）
A3: 日期 | B3: 星期 | C3: 請假人員 | D3: 請假人數 | E3: A班 | F3: B班 | G3: 常日班
A4: 46174 | B4: 週一 | D4: =COUNTIFS(請假明細!$D$4:$D$103,"<="&A4,請假明細!$E$4:$E$103,">="&A4) -> 0 | E4: =COUNTIFS(請假明細!$D$4:$D$103,"<="&A4,請假明細!$E$4:$E$103,">="&A4,請假明細!$C$4:$C$103,E$3) -> 0 | F4: =COUNTIFS(請假明細!$D$4:$D$103,"<="&B4,請假明細!$E$4:$E$103,">="&B4,請假明細!$C$4:$C$103,F$3) -> 0 | G4: =COUNTIFS(請假明細!$D$4:$D$103,"<="&C4,請假明細!$E$4:$E$103,">="&C4,請假明細!$C$4:$C$103,G$3) -> 0
A5: 46175 | B5: 週二 | D5: =COUNTIFS(請假明細!$D$4:$D$103,"<="&A5,請假明細!$E$4:$E$103,">="&A5) -> 0 | E5: =COUNTIFS(請假明細!$D$4:$D$103,"<="&A5,請假明細!$E$4:$E$103,">="&A5,請假明細!$C$4:$C$103,E$3) -> 0 | F5: =COUNTIFS(請假明細!$D$4:$D$103,"<="&B5,請假明細!$E$4:$E$103,">="&B5,請假明細!$C$4:$C$103,F$3) -> 0 | G5: =COUNTIFS(請假明細!$D$4:$D$103,"<="&C5,請假明細!$E$4:$E$103,">="&C5,請假明細!$C$4:$C$103,G$3) -> 0
A6: 46176 | B6: 週三 | D6: =COUNTIFS(請假明細!$D$4:$D$103,"<="&A6,請假明細!$E$4:$E$103,">="&A6) -> 0 | E6: =COUNTIFS(請假明細!$D$4:$D$103,"<="&A6,請假明細!$E$4:$E$103,">="&A6,請假明細!$C$4:$C$103,E$3) -> 0 | F6: =COUNTIFS(請假明細!$D$4:$D$103,"<="&B6,請假明細!$E$4:$E$103,">="&B6,請假明細!$C$4:$C$103,F$3) -> 0 | G6: =COUNTIFS(請假明細!$D$4:$D$103,"<="&C6,請假明細!$E$4:$E$103,">="&C6,請假明細!$C$4:$C$103,G$3) -> 0
A7: 46177 | B7: 週四 | D7: =COUNTIFS(請假明細!$D$4:$D$103,"<="&A7,請假明細!$E$4:$E$103,">="&A7) -> 0 | E7: =COUNTIFS(請假明細!$D$4:$D$103,"<="&A7,請假明細!$E$4:$E$103,">="&A7,請假明細!$C$4:$C$103,E$3) -> 0 | F7: =COUNTIFS(請假明細!$D$4:$D$103,"<="&B7,請假明細!$E$4:$E$103,">="&B7,請假明細!$C$4:$C$103,F$3) -> 0 | G7: =COUNTIFS(請假明細!$D$4:$D$103,"<="&C7,請假明細!$E$4:$E$103,">="&C7,請假明細!$C$4:$C$103,G$3) -> 0
A8: 46178 | B8: 週五 | D8: =COUNTIFS(請假明細!$D$4:$D$103,"<="&A8,請假明細!$E$4:$E$103,">="&A8) -> 0 | E8: =COUNTIFS(請假明細!$D$4:$D$103,"<="&A8,請假明細!$E$4:$E$103,">="&A8,請假明細!$C$4:$C$103,E$3) -> 0 | F8: =COUNTIFS(請假明細!$D$4:$D$103,"<="&B8,請假明細!$E$4:$E$103,">="&B8,請假明細!$C$4:$C$103,F$3) -> 0 | G8: =COUNTIFS(請假明細!$D$4:$D$103,"<="&C8,請假明細!$E$4:$E$103,">="&C8,請假明細!$C$4:$C$103,G$3) -> 0
A9: 46179 | B9: 週六 | D9: =COUNTIFS(請假明細!$D$4:$D$103,"<="&A9,請假明細!$E$4:$E$103,">="&A9) -> 0 | E9: =COUNTIFS(請假明細!$D$4:$D$103,"<="&A9,請假明細!$E$4:$E$103,">="&A9,請假明細!$C$4:$C$103,E$3) -> 0 | F9: =COUNTIFS(請假明細!$D$4:$D$103,"<="&B9,請假明細!$E$4:$E$103,">="&B9,請假明細!$C$4:$C$103,F$3) -> 0 | G9: =COUNTIFS(請假明細!$D$4:$D$103,"<="&C9,請假明細!$E$4:$E$103,">="&C9,請假明細!$C$4:$C$103,G$3) -> 0
A10: 46180 | B10: 週日 | D10: =COUNTIFS(請假明細!$D$4:$D$103,"<="&A10,請假明細!$E$4:$E$103,">="&A10) -> 0 | E10: =COUNTIFS(請假明細!$D$4:$D$103,"<="&A10,請假明細!$E$4:$E$103,">="&A10,請假明細!$C$4:$C$103,E$3) -> 0 | F10: =COUNTIFS(請假明細!$D$4:$D$103,"<="&B10,請假明細!$E$4:$E$103,">="&B10,請假明細!$C$4:$C$103,F$3) -> 0 | G10: =COUNTIFS(請假明細!$D$4:$D$103,"<="&C10,請假明細!$E$4:$E$103,">="&C10,請假明細!$C$4:$C$103,G$3) -> 0
A11: 46181 | B11: 週一 | D11: =COUNTIFS(請假明細!$D$4:$D$103,"<="&A11,請假明細!$E$4:$E$103,">="&A11) -> 0 | E11: =COUNTIFS(請假明細!$D$4:$D$103,"<="&A11,請假明細!$E$4:$E$103,">="&A11,請假明細!$C$4:$C$103,E$3) -> 0 | F11: =COUNTIFS(請假明細!$D$4:$D$103,"<="&B11,請假明細!$E$4:$E$103,">="&B11,請假明細!$C$4:$C$103,F$3) -> 0 | G11: =COUNTIFS(請假明細!$D$4:$D$103,"<="&C11,請假明細!$E$4:$E$103,">="&C11,請假明細!$C$4:$C$103,G$3) -> 0
A12: 46182 | B12: 週二 | D12: =COUNTIFS(請假明細!$D$4:$D$103,"<="&A12,請假明細!$E$4:$E$103,">="&A12) -> 0 | E12: =COUNTIFS(請假明細!$D$4:$D$103,"<="&A12,請假明細!$E$4:$E$103,">="&A12,請假明細!$C$4:$C$103,E$3) -> 0 | F12: =COUNTIFS(請假明細!$D$4:$D$103,"<="&B12,請假明細!$E$4:$E$103,">="&B12,請假明細!$C$4:$C$103,F$3) -> 0 | G12: =COUNTIFS(請假明細!$D$4:$D$103,"<="&C12,請假明細!$E$4:$E$103,">="&C12,請假明細!$C$4:$C$103,G$3) -> 0
A13: 46183 | B13: 週三 | D13: =COUNTIFS(請假明細!$D$4:$D$103,"<="&A13,請假明細!$E$4:$E$103,">="&A13) -> 0 | E13: =COUNTIFS(請假明細!$D$4:$D$103,"<="&A13,請假明細!$E$4:$E$103,">="&A13,請假明細!$C$4:$C$103,E$3) -> 0 | F13: =COUNTIFS(請假明細!$D$4:$D$103,"<="&B13,請假明細!$E$4:$E$103,">="&B13,請假明細!$C$4:$C$103,F$3) -> 0 | G13: =COUNTIFS(請假明細!$D$4:$D$103,"<="&C13,請假明細!$E$4:$E$103,">="&C13,請假明細!$C$4:$C$103,G$3) -> 0
A14: 46184 | B14: 週四 | D14: =COUNTIFS(請假明細!$D$4:$D$103,"<="&A14,請假明細!$E$4:$E$103,">="&A14) -> 0 | E14: =COUNTIFS(請假明細!$D$4:$D$103,"<="&A14,請假明細!$E$4:$E$103,">="&A14,請假明細!$C$4:$C$103,E$3) -> 0 | F14: =COUNTIFS(請假明細!$D$4:$D$103,"<="&B14,請假明細!$E$4:$E$103,">="&B14,請假明細!$C$4:$C$103,F$3) -> 0 | G14: =COUNTIFS(請假明細!$D$4:$D$103,"<="&C14,請假明細!$E$4:$E$103,">="&C14,請假明細!$C$4:$C$103,G$3) -> 0
A15: 46185 | B15: 週五 | D15: =COUNTIFS(請假明細!$D$4:$D$103,"<="&A15,請假明細!$E$4:$E$103,">="&A15) -> 0 | E15: =COUNTIFS(請假明細!$D$4:$D$103,"<="&A15,請假明細!$E$4:$E$103,">="&A15,請假明細!$C$4:$C$103,E$3) -> 0 | F15: =COUNTIFS(請假明細!$D$4:$D$103,"<="&B15,請假明細!$E$4:$E$103,">="&B15,請假明細!$C$4:$C$103,F$3) -> 0 | G15: =COUNTIFS(請假明細!$D$4:$D$103,"<="&C15,請假明細!$E$4:$E$103,">="&C15,請假明細!$C$4:$C$103,G$3) -> 0
... A125: 46295 | B125: 週三 | D125: =COUNTIFS(請假明細!$D$4:$D$103,"<="&A125,請假明細!$E$4:$E$103,">="&A125) -> 0 | E125: =COUNTIFS(請假明細!$D$4:$D$103,"<="&A125,請假明細!$E$4:$E$103,">="&A125,請假明細!$C$4:$C$103,E$3) -> 0 | F125: =COUNTIFS(請假明細!$D$4:$D$103,"<="&B125,請假明細!$E$4:$E$103,">="&B125,請假明細!$C$4:$C$103,F$3) -> 0 | G125: =COUNTIFS(請假明細!$D$4:$D$103,"<="&C125,請假明細!$E$4:$E$103,">="&C125,請假明細!$C$4:$C$103,G$3) -> 0

Sheet 統計總表
A1: 6–9月請假統計總表
A3: 統計項目 | B3: 數量 | D3: 部門/班別 | E3: 6月 | F3: 7月 | G3: 8月 | H3: 9月
A4: 總請假人數 | B4: =COUNTIF(請假明細!$B$4:$B$103,"?*") -> 8 | D4: A班 | E4: =COUNTIFS(請假明細!$C$4:$C$103,$D4,請假明細!$D$4:$D$103,"<="&DATE(2026,6,30),請假明細!$E$4:$E$103,">="&DATE(2026,6,1)) -> 0 | F4: =COUNTIFS(請假明細!$C$4:$C$103,$D4,請假明細!$D$4:$D$103,"<="&DATE(2026,7,31),請假明細!$E$4:$E$103,">="&DATE(2026,7,1)) -> 0 | G4: =COUNTIFS(請假明細!$C$4:$C$103,$D4,請假明細!$D$4:$D$103,"<="&DATE(2026,8,31),請假明細!$E$4:$E$103,">="&DATE(2026,8,1)) -> 0 | H4: =COUNTIFS(請假明細!$C$4:$C$103,$D4,請假明細!$D$4:$D$103,"<="&DATE(2026,9,30),請假明細!$E$4:$E$103,">="&DATE(2026,9,1)) -> 0
A5: 總請假天數 | B5: =SUM(請假明細!$F$4:$F$103) -> 21 | D5: B班 | E5: =COUNTIFS(請假明細!$C$4:$C$103,$D5,請假明細!$D$4:$D$103,"<="&DATE(2026,6,30),請假明細!$E$4:$E$103,">="&DATE(2026,6,1)) -> 0 | F5: =COUNTIFS(請假明細!$C$4:$C$103,$D5,請假明細!$D$4:$D$103,"<="&DATE(2026,7,31),請假明細!$E$4:$E$103,">="&DATE(2026,7,1)) -> 0 | G5: =COUNTIFS(請假明細!$C$4:$C$103,$D5,請假明細!$D$4:$D$103,"<="&DATE(2026,8,31),請假明細!$E$4:$E$103,">="&DATE(2026,8,1)) -> 0 | H5: =COUNTIFS(請假明細!$C$4:$C$103,$D5,請假明細!$D$4:$D$103,"<="&DATE(2026,9,30),請假明細!$E$4:$E$103,">="&DATE(2026,9,1)) -> 0
A6: 請假 3 天以上人數 | B6: =COUNTIF(請假明細!$F$4:$F$103,">=3") -> 3 | D6: 常日班 | E6: =COUNTIFS(請假明細!$C$4:$C$103,$D6,請假明細!$D$4:$D$103,"<="&DATE(2026,6,30),請假明細!$E$4:$E$103,">="&DATE(2026,6,1)) -> 5 | F6: =COUNTIFS(請假明細!$C$4:$C$103,$D6,請假明細!$D$4:$D$103,"<="&DATE(2026,7,31),請假明細!$E$4:$E$103,">="&DATE(2026,7,1)) -> 2 | G6: =COUNTIFS(請假明細!$C$4:$C$103,$D6,請假明細!$D$4:$D$103,"<="&DATE(2026,8,31),請假明細!$E$4:$E$103,">="&DATE(2026,8,1)) -> 1 | H6: =COUNTIFS(請假明細!$C$4:$C$103,$D6,請假明細!$D$4:$D$103,"<="&DATE(2026,9,30),請假明細!$E$4:$E$103,">="&DATE(2026,9,1)) -> 0
A7: 請假 5 天以上人數 | B7: =COUNTIF(請假明細!$F$4:$F$103,">=5") -> 2
A8: 同一天最多請假人數 | B8: =MAX(每日重疊統計!$D$4:$D$125) -> 2
A9: 未安排代理人人數 | B9: =COUNTIFS(請假明細!$B$4:$B$103,"?*",請假明細!$H$4:$H$103,"") -> 0
A10: 未核准人數 | B10: =COUNTIFS(請假明細!$B$4:$B$103,"?*",請假明細!$I$4:$I$103,"<>已核准") -> 8
A13: 月份 | B13: 6月 | C13: 7月 | D13: 8月 | E13: 9月
A14: 請假人次 | B14: =COUNTIFS(請假明細!$D$4:$D$103,"<="&DATE(2026,6,30),請假明細!$E$4:$E$103,">="&DATE(2026,6,1)) -> 5 | C14: =COUNTIFS(請假明細!$D$4:$D$103,"<="&DATE(2026,7,31),請假明細!$E$4:$E$103,">="&DATE(2026,7,1)) -> 2 | D14: =COUNTIFS(請假明細!$D$4:$D$103,"<="&DATE(2026,8,31),請假明細!$E$4:$E$103,">="&DATE(2026,8,1)) -> 1 | E14: =COUNTIFS(請假明細!$D$4:$D$103,"<="&DATE(2026,9,30),請假明細!$E$4:$E$103,">="&DATE(2026,9,1)) -> 0

Sheet 清單設定
A1: 部門/班別 | B1: 核准狀態 | C1: 是否跨週 | D1: 是否影響人力
A2: A班 | B2: 未送出 | C2: 是 | D2: 是
A3: B班 | B3: 待核准 | C3: 否 | D3: 否
A4: 常日班 | B4: 已核准
